bf907f32-371d-4e5b-90e7-e2057523a8f7,
01a3772e-c268-4cc6-97f2-2f54f00a8e95,
d6aad5df-695a-4dc8-bb39-4fba8a289081,
9f113186-ad0a-43a8-adde-425cc53edb71,
0f0a4a39-3b28-4cd1-87b1-fb7dc48bf9cb,
2875a1bf-e4df-45b2-933c-d0fb90d839bc,
2ccde333-7fa5-4b47-a76f-2f7f07e44594,
d00d4b93-8eae-4ac8-b376-0bfb1b085290,
2669ad6c-c3d2-4986-b6b3-c405eb59921b,
9c48e16b-5e3f-4a12-84f8-67a85a7eb2b6,
f7c1cddc-1d72-4e63-87f8-6c3cad84be51,
0c09d5e9-b16e-44e7-99c5-f39b9d482907,
a6a31479-2691-4800-90cc-0811d66f6f53,
b6ceb885-b6d6-4152-906e-b1a456ed5636,
6c644ff8-8054-4543-92d1-4705700be093,
fe8dba7e-c331-4a27-a1a0-ab8d34fd2f97,
9f9263ed-1df4-4ded-b784-d6d7d42dc40b,
35901d31-5761-4f27-bd94-3b698c59d89f,
4449b071-abae-4187-990f-4dc7bb1e473c,
8dff1536-fa92-4bf3-8f37-759edfa82d48,
5779381b-fd2f-4a76-b271-916e31cfc766,
3d2799fc-3c44-4013-a4c5-a1f32179ec86,
1273315d-e2b4-4a5e-a7d9-45ecc89e2de3,
45aeafb2-121b-4167-ba4b-a608e3e93ef8,
93a363f8-0ec9-4c3a-acad-d8acf4d9326b,
60afb278-1a05-4043-9dfd-1a708cd120e8,
cf33d54e-937a-4447-bb5e-c2be07298d01,
895ac75a-c839-4c5a-bc5d-fc991c59437f,
4d1b9fe9-df2f-49e0-b572-3e3eb3f269af,
d42a4464-9e3b-4da0-8bf0-02d198522c94,
a18e7b79-3abd-4c15-b174-f80a11284277,
02de1515-35e2-42b1-a14a-49c3287a7480,
b81de780-3ac8-4531-a92f-a5cda4215c3f,
10e0909d-64e8-4807-ab02-58388d1d3c90,
d9ca7d25-72db-499f-a7d7-deaa7911ec68,
dcd78455-4f8a-4867-9c19-e412bfaa803c,
e75d7e9f-3bcc-435f-971a-6300316b3748,
3d73196f-41b8-4a52-bff6-f82899dc11a9,
a4af7fb6-a4c0-4733-a1c8-282ad7898e2c,
e668f866-115a-4ec7-8a0e-dae08c52dcb3,
31766af8-aacb-406c-9a23-bb592a3bc442,
827e7cc1-8191-4582-b09f-b18edaa00577,
d9e74a9d-1280-407a-b24f-39c16203c2b6,
d5838c93-9767-4233-af1d-2e72520bd8f7,
502c64bb-83cf-4382-9117-b66969aab8ae,
756bd1eb-2c2f-4b6e-848f-aa60b90390b4,
9672f1ad-1114-4c07-8be8-a966ac023dba,
631eb303-dd7b-4565-8924-25eabe53653b,
b20aee11-2dd8-4585-afa9-bdea033fe821,
b5e0a13a-2b86-48ff-95a4-9c0a1aae1538,
28a14bad-07f0-4556-9940-fc84a655b3fb,
cdc2e3f4-5669-4685-bddc-791c464961ad,
ead57dae-fd7e-4972-8295-000cc43b0acc,
cda7f111-9d86-4dda-9ca4-fa656385f1a7,
fed5e902-5b3b-4ce5-9bdd-42ae1c0f55c9,
bb596f07-500c-40cb-9923-a2f06c077d21,
ae7284ff-7158-4d5d-bb69-382615d8756b,
5d2171b9-0424-4197-b13b-f84e8bf017b4,
3e040811-6a20-450f-969d-bb917c203259,
ef6dd76c-1536-42d0-94fe-09bfe8f73054,
f4f1bfc2-210b-400a-a056-c88e7a11c853,
2569e67e-9b63-4a16-b8cc-b38ff5c64bdd,
a54b4253-9829-4a8e-a224-b37a7b04f337,
96742ab0-597d-4fa2-aa29-674aa017f569,
54915808-9b71-4bfb-b1ec-a31cad9b36f0,
cb195a3f-5259-4676-9d3e-bcf87749c5bc,
85cd1e7b-154b-4b95-ae72-df16669adbfb,
3c0fcc4a-644e-4fe9-aed5-f3170b4498b1,
c2711520-c3f0-4c95-996c-d972e24cd732,
76ef3b8c-8bc1-46c0-96be-adeb1d6a087b,
38954ebf-bd92-4882-89a4-b4a899515aa4,
9b119727-616e-4d4c-b764-f929b6327004,
62bbc40a-e276-45cb-818c-2c5f63688b90,
eee55521-7b69-46f0-ac32-7b9bcfad3249,
e331893d-0f0d-46a4-8fda-b296a0d22289,
0ee73622-6cae-4107-8495-42807a1197ef,
15b4b9f3-f4d9-4cdb-8f36-c1ad4c31f7ca,
ccf1ff9f-817d-4fcf-848e-23a6f9af84a1,
73c73e67-1365-42f9-a93b-b9119be48406,
fda97a96-2453-441e-9ae9-15e335d4e2d5,
b25d6907-956b-4756-9830-56f24198e35e,
8d79f407-6e6a-4ea7-bf50-24a3ddc5fdff,
fe572326-65cb-4bf1-addb-0110c3ccf8d6,
75703885-d023-4767-a03c-bb956c54d428,
7af271b0-de52-45bd-b851-2ce9eacfd857,
90797595-b083-4725-b0c5-f2638d55342c,
6f6ee518-b725-414f-9dda-91aec089f4b3,
14e572fc-35a6-4864-be82-95dc37b18ac7,
9e77a141-7dd0-41ee-8d25-ab23fc3c4a17,
08f4e002-22da-42c2-b66e-8dbb800bee8e,
aa23bd54-3961-4db5-b9cb-f183eaefd4b6,
846b0bee-1dd1-4e64-a848-5d9fa20fd007,
8fb7e37a-002c-4d98-80e5-aee8aae75641,
5ecaedaa-0f6a-495d-a44e-ed0f6b68dd26,
242bedd4-c1e0-42f6-9270-8c6538e83ac9,
8601b5a9-bcc2-4c56-81b5-ab735298ef53,
b7f45cd0-d548-4b32-abe8-bb02ef690d80,
40442303-09fe-4dbb-93c1-a0e54f28e3d4,
41319f08-0333-4825-b480-b4a10e0831e5,
318ac57e-7aa5-4598-a644-8435e686e9a8,
d10e5a2d-1b91-4ee0-9339-db7df3b17149,
7509f8bf-8416-4868-ac4a-b8b393941e68,
dc79bb97-48dc-4500-aa61-d3b730941793,
8cd4af00-4b94-44bf-ae86-cdd8a589ac33,
8888fe58-f8ce-496b-9384-7f14c286d725,
afcfc556-5580-4c61-bfcf-2be8715c4c7c,
39655304-6a85-4e0a-a358-0ae6f1bf8b4d,
0b8ddfd4-0b4b-4ce2-9eff-983ca70d1365,
acc5e1da-2a50-47c9-b1e2-3970654e9644,
fb38cb35-5fea-494e-9d82-1bb2c1ab5247,
2964c03d-e808-4d5e-8205-b9d058d3c772,
c392e682-380e-4e06-9317-159ff0e26274,
ba6f1298-d374-489c-a766-97101534b8a2,
cce78642-4a89-4f80-ba0f-7760ac85014c,
d0e0051e-5848-49f5-b818-b546efc41f14,
52e5b9f8-454a-46be-92c9-ac5d901fcfc9,
d9e96295-ebad-4146-91b3-7f27a666ba4a,
408acba6-4edf-4424-a2f0-fe88fe4b0006,
5412d6af-ce6d-466b-a7ef-34fb8df793f2,
a2b89887-dc09-4182-b3ff-139e85a05a5c,
212a437f-f448-4d87-a0ef-69f0e2a77ee3,
64a9cbec-cc0f-4179-8aed-057c30ca4bcf,
5fd5c035-29cd-477d-bf7b-4b1773d408a5,
be3b192e-2fb8-4de0-8a0b-cdda57e72cb4,
67de68a7-207d-459d-9222-aaf11d306bdb,
8103e89c-4f59-4345-8bbc-ae0bbdadf9e4,
36220156-4a3f-452a-8d9a-5543e04e332a,
cff6706b-f843-4daf-bd3d-5017a6bff7a8,
160160c8-3dc2-4dab-b447-53b3adfa0edd,
a66f104c-0ac8-4d59-a089-897bbe0ee802,
07437234-da43-4e59-9afa-d501b8626150,
6f2c1373-a80d-4af0-a30b-4afd92e120a1,
c145874b-ea67-4cb8-84a7-d9d772b79118,
fdbbe6c4-610b-4043-929a-312603208b72,
bc751280-1f44-4cf6-b3af-665444b23bec,
20731362-5cf7-4717-9c18-ddce10407841,
d3e5c7f8-5d8d-4538-a836-eb910b319b9c,
0fdca721-f2ab-47b8-ae37-f3b71075109b,
c5300bfb-c5a1-4c54-9d26-b48d59fc6ac0,
62aee6de-75bd-43b7-b50f-fb00fc6b993d,
c2f7b1dd-4e37-4d78-ac86-bb1e013590d5,
4a04cee5-375f-4b22-886a-21153dd7ccd7,
ab008aed-a094-45b2-92ff-9fe8d079eb2b,
e2dc88c2-edd7-4009-9c60-0bade2e25527,
16b0f7cf-6ac3-466f-9a15-a9033eb511d6,
8f4481f6-9fec-42e7-9990-cea7ffeb411c,
fb57b846-f2ff-42c4-aa4a-15151d8c9697,
61809f31-5078-4cff-9389-7311fd98e4b4,
203666a3-a8a8-4e54-9c6e-6dfefceeab9d,
eb795b67-3937-4c44-b9ca-70e07d959238,
e39c1f00-da6d-432d-b675-48ac72f62c2e,
e6b1c642-8986-4ab7-90e4-49d294be251e,
8dc3f2bb-c35d-452b-8869-9239e1e3cd2f,
40e3c009-04b2-4f85-b868-5a8edd805417,
e56f7c5b-b1ff-4e1d-9121-5997132582ba,
159b01e1-0fd7-45e1-a6fc-848b5f38b7f7,
72786efb-baa8-40cc-8d46-f307573f413a,
323effdc-86a1-49e0-a844-58ff05b17e7f,
4d2ae3f6-1a87-4d4b-a95f-520e72e9159c,
d2a05799-fe3d-4afc-8db9-8103002d87bb,
a0d560a6-9cdf-4e7b-8a3b-41f67536495c,
3527fe8a-b04a-4479-bdf4-2aa916033828,
f84e2c7c-ab4a-49b4-a8e7-c3ed92acc159,
e2c9cd12-55dc-414d-868a-679828401174,
b5eab6c5-b5c6-49d2-93bd-b807377de1ba,
bf7408be-65f7-4264-bbfc-c6e690cd2969,
110b1f72-499e-4fae-a2bc-ce61e4e05ef9,
2485d94a-9e33-4300-8f59-ad4409a10f35,
80bfb0a9-05b1-4bf6-b5eb-83ff7af3125b,
006d2ced-9be7-41c6-99a3-def17494282e,
fad8b205-67ea-4865-80b1-6556529b0f59,
ff78169b-ecc9-4fca-a98c-4cc7313de42a,
55269ce6-5bc1-484b-8c73-ffba4dd31a77,
d1a9a35a-d61d-429e-aacc-c7a75b177f97,
ac23e97e-a6cd-466d-a610-9beec22f94a9,
df95bf5a-0ad9-4353-8794-ae63bc703287,
f33e5844-2c67-4185-8dfa-d1859f3cbe40,
cde64a8f-ef8f-4653-a9f5-40e94b4b861c,
88d85152-1431-4308-86c8-e50222ca436d,
df0944a7-80ea-460b-898f-825a5be8c082,
16fc8c7c-ef64-4cd6-9828-0c96f1a1c59b,
6d5e90f3-ffe2-4964-ab41-d5b1075706ea,
40396f47-9692-4440-86dc-758d50cae5d0,
44126dbf-b7cc-4d7b-b2ec-d5802adce528,
9f39fbc5-ae6c-462b-91c1-2597e880607c,
e221d7ea-d2ce-4975-b470-88ce3e6af68e,
c527d98a-e100-4fcc-96d3-23e6edf28075,
8818d6f1-df91-4502-8180-c84a108b4159,
19f9abf0-bbaa-476b-873b-c9dcd5a19396,
20a281a4-0eb4-4f1b-8836-a384fe2297cb,
ed3e39a9-bc7c-4bc9-89d8-27c834c73ecb,
301a97de-485a-42fe-97c5-367ed7b21a1a,
f0f8c3b4-7729-43ef-87da-90a1d63fe960,
a2ec9eca-4c5b-4064-8e43-7d776cb739d4,
acf1b581-6471-4be4-a1e6-52109aca5a27,
9da7956d-32a2-452d-bf3d-7faf261fe119,
ff37530c-5e1c-4220-b202-9593df6e759c,
76f8d551-6302-4efb-bd58-d671d8689204,
218d6fd9-c7e5-4a4c-9b53-145a2c3c4aa5,
9462c591-107c-40ba-b5bf-afdfd29c9c1b,
beebaf0d-39a4-444f-a364-1ae44b56f6a7,
0d67914f-2709-4aca-aeb5-a740629ee2fc,
946add47-7e8b-453a-837f-8315d716a3f9,
3ee2b2a9-2358-4f65-9c91-d27991fd61da,
ac3857cd-582a-4165-af41-23281da67728,
ce000721-fa72-4d5e-ac6b-613971727883,
b875fff8-2566-44b9-8395-0bc08c3ee478,
f74dac8f-1424-4a03-9cc9-487db2835072,
d49f1332-822b-4b7e-95cc-c404137e8f32,
83495ea7-283c-44fe-a01f-53ded543816c,
ead35fdf-6c94-4a66-8c69-61c25f30d949,
101711ce-2756-4e16-b352-d96e96eba014,
9ef7b3bd-7e27-4fe5-9d2b-9332f99b9481,
6d2257b8-6c9b-4f52-9b5e-d471bb5f02e4,
18c5f3f3-83a2-4283-af23-7c3143e3644c,
2e02aa03-d08a-422b-b29f-6d89c453fa21,
3cf9cfec-7559-4973-b96d-0377662ee142,
fd094936-acc8-4ffb-8bfd-13965ad3f66a,
8bac7018-d0de-49f5-9fd7-b82947149464,
38394482-cf80-44ea-98fd-a279262950b8,
cff9b32a-466b-4805-b969-e0fb08b45d15,
cbd7cb75-3eaa-4180-9e57-166d028537ad,
77d05117-f372-4365-bb0f-3e08ecb7fbb6,
4f34017e-646e-4380-8ff6-16b47ab72971,
4da79c80-6742-4284-80d9-31aa4a7f481a,
75e0b79e-5398-4224-adb1-227a45815f01,
ddc73d0c-5971-4e62-a603-4c196b48f7c7,
98b8825f-554f-429a-baf2-0bb25b1ce7be,
179124ad-f145-41e5-9db1-8a5304fabaab,
44192d08-5925-43ff-8cf8-ce0008dcb099,
842110e0-d3bb-4bbf-aa5a-667336c59bb1,
c3e7ef72-43ef-4fab-b877-4db6b44f1bd0,
29f1641f-bb1c-4679-a9a6-9ef7fcabf4db,
936b711c-164c-404a-86fb-ae565013c330,
5c15ba6e-c9d4-4244-8322-4963dd725781,
cc9e061e-1cc8-425e-a1b2-b51fad435323,
389ba26a-9d2f-4746-ba46-3d2a78311a96,
3450a416-9144-4568-b44c-ac19ea598571,
6f676a92-1754-4bf3-9446-b7beaa5fd963,
893af23e-fc60-4410-bf31-c02967656a2c,
6f0033fb-b7b5-43d4-8789-0334a716f872,
cd47c7da-3525-41f6-ab7a-91558678dded,
bb4b464f-8d98-4e19-b3d6-51bd8cd5f7bd,
eaeb1ac6-f3fb-4672-9f6c-5367d7e4cb39,
98c8d7b8-7dd7-461f-94d7-440e8d6b7b69,
e5d71aac-b513-4ae2-8fb6-c23b59ca4ce8,
09b3206b-46eb-455a-b1c4-b61290e78048,
05183ee1-b43e-41c3-9ee3-4d3f03e059d0,
05826622-28c0-41e9-8c27-d9073da2a5a6,
09d6eaa4-105f-4993-8b5d-f6c1c217abca,
db45e62c-e2c5-44e9-bf18-350505993ba7,
e48faed8-e1ac-4dd9-9f81-bc49584dd128,
578a5f0c-2d6d-4cb1-8920-c5fa262f1309,
b35ea552-f0df-4ff4-acdd-f0b1086fdb86,
ba7c1b3a-b306-44e6-b204-f3a00a922661,
d4d42ad6-8aac-407c-874a-64f9e63dc95a,
affa0933-dad4-4f46-872d-4fe5ee779b2c,
179e8a60-ef75-4ef5-bdb2-78c1526bcbef,
5087d312-8630-4eda-8107-e1cdd5074cf2,
d4e8d486-f271-4a47-8850-7bc15534fbde,
27cb14bf-202e-47ed-b424-d2a0a395d07d,
d1f7c2c6-7232-44b3-b998-9d5588c01066,
99dfaf92-45cb-4b4e-8957-eb7b7835ca98,
f3b3fc6e-c327-40a4-b80a-0ac97c176c51,
9d1ea808-85d2-47e3-a011-d73b7bf61ec7,
a1210b8f-9614-4730-802d-0c929bd909ae,
380a5043-83e3-4505-ac30-4fc6efb26e16,
88142946-c2c5-4858-906e-8c68b76db29d,
c389b5b2-7ddc-4981-ba60-46fd91251e0f,
183b9c07-24c3-406d-a8ac-fa2a90447e57,
61d67cc9-e48e-49b6-9fb1-2d963f5adc03,
d9ab8ca8-07f7-460a-9486-ba8ca3299d4a,
4f0eaf83-02de-4d93-84c2-1cd7a6e50ca3,
768b7f4c-8983-4b7b-b5a9-722ceea214e6,
bf686b18-085c-4182-8267-8975f6cdd9cf,
49537dc5-5b1b-46b9-bb90-29a7913423e6,
fa787631-4cef-425c-a554-5f9a3e751e7c,
b598f250-98d8-4c6c-b1bf-ba25ae2cd58e,
a3eeeced-20fd-4a7b-8a3a-7cbc970ac100,
f3c540f2-4572-4072-a871-7e62fb989e62,
f452e46e-3982-4d63-b545-1d820d93f13e,
72005ae5-33b7-40fe-94da-95fd577c38fe,
af522d46-ba8b-4ae8-8369-ded6cddc9e4b,
80e80a53-1762-4ea0-9e70-c8ee8cbbf3ae,
61fed357-4a09-489d-bafc-86568f1e59ed,
87dfb37b-5c42-4b38-a288-83427424d182,
d4575a03-937f-4ec1-97e6-a7965c684d13,
366cb9bd-ae68-4a26-91e9-d7faadff6610,
62a4aaff-f65e-4cf2-ad59-16ac0894abd4,
6484e805-51ea-4175-abd2-17e16bddf9b8,
c59a0902-d6dd-4c57-8e47-812efdf385d6,
dc03e423-dacd-4fdd-a8e2-448ffe72006e,
2135f922-9701-4a68-9e1e-635f9cd910b7,
8552f2b2-f071-43df-a807-ed88e2f0f4ab,
2839cd3f-0a89-40e1-9285-65d83542b409,
d6ec80fa-e334-4cf8-84a0-2e306f4d72ac,
09beb81d-8850-46a8-8c58-06f102f8aaf6,
6ee30b21-c37b-4359-bd67-d8a9fff7069c,
236aaeb7-50e8-42ae-9434-4611a4920090,
0ad764df-2d2d-4e59-87d5-f6781f446fd2,
546b53e3-e236-4d49-b85a-fdac3f94ba23,
22adbc9c-d36b-49fc-811a-86574a4d8416,
75469894-8a2d-4223-8509-c1cab5acb6cd,
b8a546e8-3fc3-473b-b7a6-d76a1a47a92c,
70a1c4c4-81df-4a8c-94be-da10a2c478e2,
30d9bb0a-51fd-4e63-aff0-db7ac72616f2,
6788b154-b9fe-4de4-85d5-55adb1b479bf,
28b2e78a-c9a7-4b9f-955b-ac189b6dbf7b,
dee1e87d-1356-4298-bcfd-8e1454d649e1,
7e189580-6ce3-4160-acfb-f6b9fc7754cd,
22042b98-e1b2-402d-bdf3-9f7fe4a3de0e,
4d4df818-ff62-47d6-9a1b-b4e32e30e73b,
bb8aa8e6-b924-48c1-b86c-e9c33cd187cd,
c1f207c4-d105-4f9f-8d3e-e15350852de2,
160db05b-32ab-448c-9de8-b29359aa33e4,
cba3f074-530d-4697-abbe-13b8f4185d6e,
e3c10a75-80ac-4049-ac35-d36268008fd6,
9fdbafd4-05dc-4416-8f06-2cf2e2627bf1,
4ed4fa2e-22c8-42f9-9272-1322e25ae73f,
549f68fe-2fa3-47d7-95d8-787c8a4b0361,
3ac0f34a-ef11-4ba4-b10f-0c49bcf817a7,
df6c67be-701b-4473-9df8-7c15a25cdfde,
09ea407c-fd82-41bd-8227-74c2f4b3543b,
28688598-1918-4af2-9ed6-c71ef33cae8a,
1a3a0649-7989-4c5b-8825-4c59c560f162,
7d038607-cc61-4f7b-983c-3c1f5203f112,
e343e7ab-d0d8-43cc-b89f-f062feb8b59f,
030ff135-a1e8-4174-9cdb-6523cb726b56,
8f2bc647-09fb-42a4-9510-73efc5e32400,
f43ac069-d513-4953-9fb5-f46b2d96e0d6,
a2f54617-2dd2-4cde-b245-ef33b48799a0,
3f0e9806-20e1-4da4-8df2-0243fd12c5f9,
9e36b5d5-ead3-4e71-8390-4d22098142a2,
a5b6c086-5fa2-43d9-944e-386805004b53,
cbe2794e-6675-400f-b69e-f848795a3fb3,
6490f97d-887d-44e4-9c57-4b705f06096c,
a89bcb73-4933-4989-a146-223b2ecaeefb,
57e80721-e3fc-467b-a47a-3a6538a0cec0,
24ca16e5-e0bd-4678-8062-f7f1732a3d8b,
a5b369f1-2272-40aa-9b2c-aa313fda57ca,
0a0643e1-15bb-4671-b7c5-3f3fc44acbd4,
0a5490e0-172c-422b-8746-d2351753be23,
8439f949-491c-41bd-91c7-53ac275a63f9,
676f9b6d-9126-4b96-962c-d53bbed6c55f,
7c771c40-67cf-4d37-be29-381a2b882de1,
e6c71be2-7ec9-44e6-9e2c-99c2f22d4bb7,
f9335815-6a95-494b-abd7-5afa0287f004,
a493b779-8c31-4dc2-90c3-d5ffd8b9c09f,
aeb3156e-6c22-4cfd-8ceb-6080ee98f8aa,
885921ec-6c00-4302-998e-e42ce3e253d6,
06c5833e-d40f-4fc8-8b87-899fc298b933,
b203c52b-fb70-40c8-b63c-12580a769f22,
54ea0b7b-0b72-4d6f-a78b-30f59b29a9ef,
7a54565d-8fe8-48cb-8805-3ee1c3bbbb3f,
a306bbda-a1cd-4414-81c6-5d0472a36b3d,
22eed405-e883-487f-a070-27f86171c86f,
927a3863-b07c-4d8b-8151-8f119a5f6d83,
9a5a220d-1258-4f47-9367-9f8d83d771c3,
8f3cf2cf-8d15-44ea-bddf-a3488989ee43,
f3bce8d8-7bf5-4056-878c-447e78e80459,
c6e07fcf-c0e3-4227-9e28-26a7b8f73208,
00066eb7-d0ce-4df6-816b-5bc73f69f24f,
1adb3b94-010d-40a3-9f93-5d8bc28716af,
8f0aa946-5976-4aa7-83c7-593f710c016a,
8e4eb4e8-4fe0-4534-a24f-e07156b7300b,
53f5df2b-fd68-4ded-a615-2f7c9a00bcf2,
6d8df00f-badb-4090-a31f-58c3ee52a829,
5a5b9007-25ad-41c1-b17c-d3315d3f4ed5,
9cc651cb-758d-4c63-b938-bff2022f76df,
adbc4a48-bb2a-4975-8653-21b5377fad98,
dbb86134-3224-46ab-a80d-01d1c1c48c71,
e2e7a12b-1053-4295-b804-4dd0ebc83116,
ab121ea5-6216-4621-a35f-1518a53b24ad,
dc6e4db5-61b5-4fa9-9624-54f2b67e11aa,
ef5a9966-2d69-423a-bddc-7baaa3cdba7a,
0834b741-593b-4042-9bf9-9f92e4f8aa08,
e3d7a7bd-4b0b-4dad-9bb7-c088ac56d056,
6f802d92-3796-4913-84cc-99b37b7e2fdc,
d121f998-759a-4933-b6ae-fc4a66d32a6a,
9e97013e-d3a5-4bbf-91e3-22c539251c84,
111d1c8c-4273-414e-bea6-b0127f845810,
959ada6e-15ff-46d8-ab46-87bf508f65df,
7bc062c1-6524-4d90-ba8b-e0ed33e12345,
2bb0dbe4-06d4-49a2-94ee-53136f1fe7e0,
2a4038a0-d185-4e98-8f8d-c76fe7e189ad,
c1eef6bb-7a66-4e79-a768-c74bcfc73b93,
5d4ecb4b-e5fb-431c-96cb-42f0d7b247f8,
41f343bf-e998-4297-89a2-52a15fd73e30,
729b36e2-ffa3-4374-b48e-22c6c37c60f5,
f81377e5-11e1-4a96-b713-bf532a3f766d,
9901d294-baf8-47b5-81f7-d8a4cc0e0031,
80dbc58b-d646-45f3-89e2-66036b107de6,
5aaeedf8-0f22-4992-bde2-e7ec246b0f92,
f85a761d-9206-4cf2-b2a9-d5aa18c8bdbf,
6715137f-5a33-4f57-acb1-9ad3eca4027d,
89e13cce-5ea2-4524-ad3e-a553b8526bbb,
2c824ef1-38fd-4d82-b0a1-3a5f7ed85da4,
6f409b34-fd7a-46fe-ae76-f636cd04f1b5,
b52f1ffa-6d13-4edc-b23c-a4dc486cc2f5,
24a2dd28-9b60-4d16-bd5a-5a3512020fe8,
8951fe47-bbf5-455c-824e-ad973fb11d83,
963d42cf-70c3-4f4a-af5d-6ec02abbd73b,
f988bce9-7983-4ccf-b39c-80e7a8d53cc0,
0b580e09-0630-48e1-8bf8-b5f0077a686b,
052da6a2-66e5-47a2-948b-55f0ad92ad22,
6918ee05-a15a-4b9e-9c49-231ac9e606fe,
98df8273-136e-4bfc-9461-f6f1ee07e4d6,
01c2ecdd-a800-460a-878f-5a5e89ae79d6,
6dcfad94-6541-4276-b5f0-554de0ac0bfe,
2216e9fe-b107-4445-b496-49b80d6b8f40,
f3774c9f-e478-44ff-b5ea-77b6284ef512,
846e10ae-1fcc-4be4-a129-4f0cad96b545,
041ab54e-b83a-42c5-a151-902f95a1342c,
a7534aac-dd3c-41eb-ab2c-8cfbe8905a86,
e521f237-1ee8-440d-8234-0db07c7083ca,
6b31f483-c1f9-4b93-a4be-5d703e11d056,
6345f968-a8e4-4344-ac64-e2ea29bbcf9d,
8aafb3ba-8be5-4d42-8858-c7aba1845830,
39b6deab-2f00-4d2b-be82-4effb6608994,
604f57d2-ccc3-4208-ae0a-0d601e4d2fdc,
3bcc45e4-4ff5-4504-8e21-b2cf6aaae363,
f32a2a22-5ff7-4bf1-8943-b7116217345f,
4e1c1bde-2b0c-4965-93c5-773fdb974117,
69a158c5-0e3b-4e7b-891f-90aa5a2d77f0,
a5f01a71-843f-4f6e-9848-ae969d5d3e69,
14661cd3-4cf6-4db8-a1f4-3f4763215036,
a944bf4b-aec1-4b05-8b50-ef51bba440ec,
d2791780-dbaf-41a2-812e-ac08b5034753,
db42b45c-09d9-4d3b-943a-59891ba1d93d,
361b2f77-5ea6-418c-bba2-236642e2c64a,
c16b2920-59f4-4f61-9f52-92a9608f6833,
d94ab743-23bd-45d5-9187-3d3558a7dcfb,
8b68fccf-3d38-4ed8-8427-3fac1b097120,
a6a66328-560f-4230-9b7d-7103c92d9355,
03deb6bd-8439-4b62-912a-c2a5e44383ca,
d58cebc7-6b0f-4648-9add-cb5ca5ed6c48,
db917167-5cb4-46b5-8358-2ec461a23513,
b2150d05-466b-4b61-8766-bf82c79ff935,
effd1169-fda5-47ad-b6ba-4af2f7e252d3,
4cce77b6-18fe-4123-90c8-a64acc3f3f3c,
20eccb9d-37e6-4b13-b525-3a58630722cf,
3752bbd1-98e9-4649-a1f9-0e8c10e755dd,
fcecf7de-fe65-413a-8f24-61cfe018df26,
95fff13e-9d69-4b5f-be89-659f41b933b3,
94f00502-6f03-49aa-88f0-7317a3320388,
0d8beaa5-e408-4e6e-8dfb-02b6273f70a4,
0b68ff17-308f-4faa-bd59-d8ddb745c081,
cc85ac3c-e956-4fd0-af54-491913bda58b,
ff189308-2958-48db-9bb2-e823cfb65775,
e2d57d82-f7ae-4398-b5c0-29eee76f38bb,
65ce263b-6814-4132-99bd-c89cafd2a18a,
58aa4545-cf7a-4a32-b8cd-59ab00d41164,
7c1dec82-7b33-474b-9cb5-73ba02b48831,
c2e868cd-90b4-4f1a-830f-7da792600148,
0fdb41d4-5121-446f-901d-119ff1cbd521,
b4c53007-cee3-4158-8775-d87f5ed6796a,
21f8c01a-54a0-4b83-a69d-6fd0dd90ac78,
56a0e2fe-98e9-4953-bbf8-7410bbb949e5,
942b6f10-dd56-43d2-98df-a165a18a1b2b,
29cdb576-9449-4b23-bec6-c33f3cfbf77f,
2b084014-b3bf-46d6-a6e5-5350e0a70f65,
186fa143-2557-48e6-82b1-18610bf744a4,
929b9024-e730-4b52-b4de-e1ddd9d3a3e4,
cd8e8cb2-9fb1-4df5-843a-6a204f8aac8e,
06fc535b-2d53-4834-a9b2-92589a86916f,
892b5263-3c59-4270-a322-16f56b3c2580,
83c0ab68-77ed-4bf0-a8ed-16b40e017e90,
4368e8a9-c359-4c4a-8ab3-83a6061e004d,
6826a0d8-27b3-44a9-822e-5efea6c3d124,
be582a54-8181-4b6e-ba89-6d5a6a0a1957,
917863e2-bb3a-4722-8b54-c34e0c4ec90e,
d828d6e4-270a-4435-b29f-1b41dcb3cce2,
34d5c7ba-467e-4c59-80d8-b6ff0ef5fd02,
373ceac3-13b6-4e4f-8514-a9ed3d6f631b,
4059a6fd-969a-4ff0-bf6c-7b0ede42428a,
02997e6a-7869-4bef-8807-8f0eaffb756e,
3fe048b7-ba76-4e41-9684-52235c9f75bc,
533b872e-0930-41d1-a966-88968c9ac5dd,
657f93d7-7e38-44f8-a950-3b658854ff1b,
bfb7164f-0a86-4a6b-8a1f-86e291b79eec,
649670a8-953a-4115-a90a-e4463cbf93fb,
e1f8cf0f-7659-41b8-9ad7-2138629f8ab6,
90f26db3-f70e-416e-addf-4deb1982ae68,
23158986-b125-4bd4-ab59-8f842a58dc78,
e450ccce-248a-4be1-a613-ecad859d888e,
0a5a4bbf-6892-447a-ac80-8486bf94c2cc,
0862f90f-5212-407a-b2e0-4177c04db108,
dec7ad04-fb5f-4ba6-8734-d833328acd0f,
83e8152a-eb57-4ecd-b638-9cb6642e6648,
bb957318-f318-4288-8616-240daca0be0b,
f7fff2ef-fc6f-4af9-a46e-7adc13b0a23c,
733ab7a8-6f6f-4a23-b9a8-920b021c1444,
26401db8-b605-4dab-82ca-8319ba4dc5b6,
80cb7109-24d6-4609-a9c9-47de221d9665,
a6a5fe77-36bd-4aa1-9380-f4e88b0ed74c,
949aa5b9-830f-4baa-817e-04f5c2ac9a0f,
d572da85-53bf-43fe-aa08-f71d60f63c52,
64629c4a-d12b-4c93-89c0-a1ee147f836e,
214e0789-7d97-4a9e-9d25-d0e71938abcd,
65d8bab3-1212-478e-b472-90b6bdae9d39,
c51bab4b-2c28-435b-a969-e9940634dccb,
1c5aefad-b421-4816-8f5a-9895401707be,
dba0a912-4c4a-498e-a551-670bc3c108d6,
924a4098-7adb-4355-b22a-68bd253e1e54,
ea468589-1f3c-4911-b2ec-0ca3587156e5,
c95075c5-b076-416e-8b4c-5e30f00844fc,
e6b44166-f4ec-4f06-9417-441920e64cd6,
793fbc51-2943-4175-8f8f-3129495df6cb,
02564e1e-fe53-400b-98f9-316fff7a1edf,
cedc578b-05c5-4a2f-b6ec-88bc7f4d6a3b,
351f5ef8-190c-4ab9-93e3-cd48b62d21c4,
c5041354-9914-4c05-a79e-9dc531537284,
043cd3ad-bdab-499c-b931-17e5369e2f59,
d8bfa7ba-bcf3-401e-880c-4b1c21d3be35,
5ccf7473-123e-43d8-a032-251f6ef4a11e,
ee86597d-ee0c-48b6-a4f7-c4a55f99b90b,
9f326cea-200d-4d9e-ab53-876ea02ae9fc,
488dd6c9-f8f9-40bc-92e7-1922b393d0f4,
eda83c3b-49ae-4361-9b48-d023a07f8dd8,
6ba7dc1f-1814-4f7b-bd8e-c48e51c55853,
d78f11ec-c5bf-4065-a31e-dd2edf5d0d12,
a4bfdb97-6c19-462d-a508-d035cc096536,
40b5c005-1720-4d73-8a07-799aaeef2e1b,
52f78bd0-0ef3-4741-817c-fbdfc2e765af,
15b0f830-7c1b-49c5-97e8-ad9c616f8279,
ff682dc9-c4d0-4df0-8325-a5a7de3059e1,
a26e8d15-e0c9-440f-b22e-9e53d2ece1a8,
1dbfa071-ae37-498e-b072-7260e4b1d3ba,
d53de8a8-275d-411f-aed0-4d6fcfa2af41,
13200701-8b38-4d35-b878-ed8003056355,
0ff6b75f-f2b5-4cf4-83c8-213b6116cd01,
fc62c657-3281-49c2-95fd-c2f8144e71ff,
06d5ee05-1359-4e18-adef-a937f75d197c,
e548b1db-8322-4918-b39a-8b02fa71f3e9,
02a99cd6-3bc1-43bf-b186-1448386bfcca,
70f81854-151e-4e76-ac6f-055d2a181b45,
958915d1-9be6-4bdf-a1cb-327664df1321,
ece48966-6e2c-438b-8ea2-c902b7ef1ae8,
29a44602-2a45-42e3-85d1-3ea93098ba93,
15e9903d-37a0-4c0b-b8ba-ff3d7a318474,
46948d7d-efea-4108-b6a4-e2ed6f5b4a86,
fd2e7408-41c9-4d45-90ef-19b422ad0593,
4860c354-b98e-4d96-be0b-44eec551df67,
35cd8cdd-4ef6-406b-9df0-6a9979865048,
3c2e41a2-1973-4c4b-8cbd-c67af87dc836,
d4c907e4-e4b1-4055-aef5-65567974b462,
ece4de27-4dea-4898-928f-e28d79bc7ef8,
88bf2fc1-07be-48a4-a646-f752dd30eb1a,
24dd20fe-1c87-4ce4-ae7e-a7f3ed853178,
ddc688be-5260-4d4d-8d02-cd711e96828c,
e48946b7-7187-4ca8-a29e-1f58b1f63da1,
96c367d9-07ca-4b5f-ac46-a10bf46173b6,
eafa4544-1df4-4be2-8f18-13f7d9316016,
1d2e1c0e-6b89-4157-8fb3-910eece403cc,
c4fdfc90-113d-42b5-9093-5f603a6d3ddf,
a8d83701-070d-4041-878f-8bcb6e4c32fc,
75f24b32-3f3d-4b7b-add1-089f15e797d4,
87ad9e79-68c6-4cba-8b21-728bdedfefc6,
7f31a45d-6da0-4874-9ee4-a7b465eceaca,
43c4727e-637e-426c-a4ae-d963047dbe37,
