0052926b-9011-4c55-97d1-0c629b1dcd7d,
58f29d1a-de4e-44a7-978d-5e067574b95b,
8c5c4d5c-28df-4ee1-b529-668b618aa360,
6dbd0297-4984-465a-8b63-00d56d1aa6ca,
8f8d9291-bc62-42e7-9ded-0d1b9722b930,
6243d590-37cc-448b-88f8-c14d4427c255,
ad6aca00-8647-477f-9eb7-640b7864a7b0,
96f02562-3060-4793-bff7-658771c0de9d,
919ed5ff-4a4b-4a4f-b2bb-bc2e1cd3fe8a,
b3a0fbb5-923f-4f98-a929-3c2d7570dcb9,
b937692c-dda4-4496-97f5-149c0c5794c8,
3edbda1e-daa1-471d-a630-93fb2450ea28,
99f4222b-dfbc-46a9-83c1-70741b6fb9e6,
8b506cd5-ed0e-47f1-852b-e16ac1e1cfda,
fa945511-1b04-4b26-aa14-8b80239a01a9,
8a44df64-2ac4-42ea-a3c3-413399c00e9c,
d479a6e1-4ac4-47f4-828b-e55cc6e55ef5,
96e22910-f16b-4ad9-9a6b-c133eed8dcd2,
c0db5d4b-1737-4c38-b549-de55229c81b8,
6ce544fc-6bcc-4012-85d5-cc5b04453ea9,
8cbb5771-d6e8-4159-b0f0-52c1904118f1,
991cc080-4c15-42ab-96bb-f792c876fc56,
c221ff20-cc74-4b2b-a68e-c070f23d6b9f,
f4cce6d4-9516-4c2e-8abe-898c90361325,
8176af3a-e9b9-410e-bdfd-8c4595d8ec25,
70d5f8e4-4a53-4e12-a853-64a0f7db0c7c,
1cb850ef-60cd-4dbd-8cee-620499081fb9,
1d8b6f1a-d791-4ed4-afa5-cfd701385331,
df20b97d-7c81-40a9-accf-e7ce0cb636c3,
4021be00-01dc-44b2-b7cb-aa2c66f79754,
a9d1eb42-4391-49b3-aae3-1997089ad7c0,
70ad74d7-e709-4c55-a25c-cf9707c935f2,
9adaef4c-1ef9-4d9f-a7e9-b5c19fda3e17,
9dee0c78-dbdc-4392-937a-36f5c05363de,
f2e86985-05ef-47c9-b3e1-91868ab49a58,
bf9a0e82-2b99-4322-906c-b29d12aaccca,
e7189ab1-d4ff-44e1-8441-3ee9dd24ea30,
e81af457-63dc-43ae-9414-c70bbc28feea,
9371a3f2-8cb9-42a6-b1b2-ede2c8b849d8,
0ecdc0b7-b2fa-4cbe-be18-e0d50f220a68,
2a116ad3-20ab-4c46-bddf-e1523699fbc9,
796fee96-0b14-45df-8035-8d042cc49e47,
5cc76621-e20d-42c9-b3e3-29e44a3c1dea,
d149fd78-1ded-4327-a476-07f4de0e31f0,
188838e5-179f-4949-b64b-3a75e57c2308,
6d5e90f3-ffe2-4964-ab41-d5b1075706ea,
c7da9667-a1bd-468a-9ffa-e37b93a88cfb,
52e6a9a6-5265-433a-ba43-5bceb64ee95b,
703bbe54-acca-45ec-bdf7-c2806b9b8ffc,
81e100b0-f9c4-48ab-85d9-e55fa05dcd3c,
bd16768a-14c0-4039-86e4-1dfdfe518264,
1d0d0fc6-21bd-4130-be0f-b0502b288d9e,
1655321c-6f6b-422b-a322-144a96660855,
955d5c43-09d5-406e-b408-7ea0bdd51e6d,
dc49e083-389f-4255-a0db-ed97bbdf2cc0,
a6c5908d-be7b-4240-9311-a16ce1943bc9,
a004fda4-e2c9-450f-9ee7-3e3036d2429f,
6e8792af-dc98-4c70-b377-b7c372e173a0,
ddde3206-45ca-43a4-9221-edc88b3e8465,
05a7267e-fef9-4e9e-9570-3e64c1af8887,
4ac6558d-30f3-4fea-9b29-dc9bd818185b,
0d5d32f6-76a3-4e3a-b336-c400ec4ce0f6,
01cecd2a-fc61-4f13-b482-1defa228f1dd,
9c88f915-f832-43e0-83af-b48e935fbd16,
61f46acc-d7d3-4d37-a3ac-4c5620a62b14,
3a2b4af0-ad1b-44ba-8385-afc1d7f2ecd3,
e696a702-b711-49a8-8efd-7ef28257008e,
452a8251-2f5c-4dca-b39d-28cab4cc4274,
58d94cfa-8df0-48fa-b46e-4e030ebffd42,
beb67462-90fc-4337-bdef-bc8a463a2a8d,
af25af91-bf9a-4a7f-9b4f-2cfb84dc0136,
4931699c-7efa-40f3-a5ef-f3168b2e2459,
1d17c8af-1b64-46cb-913c-4ee4f9eea02a,
17d7c846-2dff-40ef-ace4-80234e6d416b,
e1073357-2235-450d-a9b1-7a212cc576da,
a2bdd8e8-a8cb-4d5f-9b03-d6fad951952a,
2b9fed95-8f89-4008-b718-e0721e3f1da5